instance_id,agent_id,data_link
example task,default,http://localhost:3000/?query=%5Ctau
airline_0,0ifd,http://localhost:3000/?query=%5Ctau%20task_index%3A0%20env_name%3Aairline%20model%3A0ifd
airline_0,vbd,http://localhost:3000/?query=%5Ctau%20task_index%3A0%20env_name%3Aairline%20model%3Avbd
airline_0,sahxt,http://localhost:3000/?query=%5Ctau%20task_index%3A0%20env_name%3Aairline%20model%3Asahxt
airline_1,3a3zmf8m,http://localhost:3000/?query=%5Ctau%20task_index%3A1%20env_name%3Aairline%20model%3A3a3zmf8m
airline_1,nmmj,http://localhost:3000/?query=%5Ctau%20task_index%3A1%20env_name%3Aairline%20model%3Anmmj
airline_1,0t9,http://localhost:3000/?query=%5Ctau%20task_index%3A1%20env_name%3Aairline%20model%3A0t9
retail_0,0ifd,http://localhost:3000/?query=%5Ctau%20task_index%3A0%20env_name%3Aretail%20model%3A0ifd
retail_0,vbd,http://localhost:3000/?query=%5Ctau%20task_index%3A0%20env_name%3Aretail%20model%3Avbd
retail_1,default,http://localhost:3000/?query=%5Ctau%20task_index%3A1%20env_name%3Aretail%20model%3Adefault
retail_2,default,http://localhost:3000/?query=%5Ctau%20task_index%3A2%20env_name%3Aretail%20model%3Adefault

